-- phpMyAdmin SQL Dump
-- version 5.0.4
-- https://www.phpmyadmin.net/
--
-- Host: localhost:3308
-- Generation Time: Apr 14, 2022 at 03:24 AM
-- Server version: 5.7.24
-- PHP Version: 7.2.19

SET SQL_MODE = "NO_AUTO_VALUE_ON_ZERO";
START TRANSACTION;
SET time_zone = "+00:00";


/*!40101 SET @OLD_CHARACTER_SET_CLIENT=@@CHARACTER_SET_CLIENT */;
/*!40101 SET @OLD_CHARACTER_SET_RESULTS=@@CHARACTER_SET_RESULTS */;
/*!40101 SET @OLD_COLLATION_CONNECTION=@@COLLATION_CONNECTION */;
/*!40101 SET NAMES utf8mb4 */;

--
-- Database: `pos`
--
CREATE DATABASE IF NOT EXISTS `pos` DEFAULT CHARACTER SET latin1 COLLATE latin1_swedish_ci;
USE `pos`;

-- --------------------------------------------------------

--
-- Table structure for table `pos_access`
--

DROP TABLE IF EXISTS `pos_access`;
CREATE TABLE IF NOT EXISTS `pos_access` (
  `id` int(11) NOT NULL AUTO_INCREMENT,
  `access_details` varchar(25) NOT NULL,
  PRIMARY KEY (`id`),
  UNIQUE KEY `access_details` (`access_details`)
) ENGINE=InnoDB AUTO_INCREMENT=6 DEFAULT CHARSET=latin1;

--
-- Dumping data for table `pos_access`
--

INSERT INTO `pos_access` (`id`, `access_details`) VALUES
(3, 'accounting'),
(1, 'admin'),
(4, 'audit'),
(5, 'report only'),
(2, 'user');

-- --------------------------------------------------------

--
-- Table structure for table `pos_action`
--

DROP TABLE IF EXISTS `pos_action`;
CREATE TABLE IF NOT EXISTS `pos_action` (
  `id` int(11) NOT NULL AUTO_INCREMENT,
  `action_name` varchar(50) NOT NULL,
  `added_by` int(11) NOT NULL DEFAULT '1',
  `dt_added` datetime NOT NULL,
  PRIMARY KEY (`id`)
) ENGINE=InnoDB AUTO_INCREMENT=16 DEFAULT CHARSET=latin1;

--
-- Dumping data for table `pos_action`
--

INSERT INTO `pos_action` (`id`, `action_name`, `added_by`, `dt_added`) VALUES
(1, 'Completed', 1, '2017-03-25 00:00:00'),
(2, 'Cancelled', 1, '2017-03-25 00:00:00'),
(3, 'Re-Completed', 1, '2017-03-25 00:00:00'),
(4, 'View', 1, '2017-03-25 00:00:00'),
(5, 'Reprint', 1, '2017-03-25 00:00:00'),
(6, 'Print List', 1, '2017-03-25 00:00:00'),
(7, 'Export Excel', 1, '2017-03-25 00:00:00'),
(8, 'Search', 1, '2017-03-25 00:00:00'),
(9, 'Advance Search', 1, '2017-03-25 00:00:00'),
(10, 'Add', 1, '2017-03-25 00:00:00'),
(11, 'Update Price', 1, '2017-03-25 00:00:00'),
(12, 'Modify', 1, '2017-03-25 00:00:00'),
(13, 'Delete', 1, '2017-03-25 00:00:00'),
(14, 'Re-Activate', 1, '2017-03-25 00:00:00'),
(15, 'Re-Confirmed', 1, '2017-03-25 00:00:00');

-- --------------------------------------------------------

--
-- Table structure for table `pos_buyer`
--

DROP TABLE IF EXISTS `pos_buyer`;
CREATE TABLE IF NOT EXISTS `pos_buyer` (
  `id` int(11) NOT NULL AUTO_INCREMENT,
  `type` varchar(50) NOT NULL,
  `status_id` int(11) NOT NULL DEFAULT '1',
  PRIMARY KEY (`id`),
  UNIQUE KEY `type` (`type`)
) ENGINE=InnoDB AUTO_INCREMENT=5 DEFAULT CHARSET=latin1;

-- --------------------------------------------------------

--
-- Table structure for table `pos_buyer_status`
--

DROP TABLE IF EXISTS `pos_buyer_status`;
CREATE TABLE IF NOT EXISTS `pos_buyer_status` (
  `id` int(11) NOT NULL AUTO_INCREMENT,
  `status` varchar(50) NOT NULL,
  PRIMARY KEY (`id`),
  UNIQUE KEY `status` (`status`)
) ENGINE=InnoDB AUTO_INCREMENT=3 DEFAULT CHARSET=latin1;

--
-- Dumping data for table `pos_buyer_status`
--

INSERT INTO `pos_buyer_status` (`id`, `status`) VALUES
(1, 'ACTIVE'),
(2, 'INACTIVE');

-- --------------------------------------------------------

--
-- Table structure for table `pos_category`
--

DROP TABLE IF EXISTS `pos_category`;
CREATE TABLE IF NOT EXISTS `pos_category` (
  `id` int(11) NOT NULL AUTO_INCREMENT,
  `category` varchar(100) NOT NULL,
  `status_id` int(11) NOT NULL DEFAULT '1',
  PRIMARY KEY (`id`),
  UNIQUE KEY `type` (`category`)
) ENGINE=InnoDB AUTO_INCREMENT=3 DEFAULT CHARSET=latin1;

--
-- Dumping data for table `pos_category`
--

INSERT INTO `pos_category` (`id`, `category`, `status_id`) VALUES
(1, 'Beverage', 1),
(2, 'Food', 1);

-- --------------------------------------------------------

--
-- Table structure for table `pos_category_status`
--

DROP TABLE IF EXISTS `pos_category_status`;
CREATE TABLE IF NOT EXISTS `pos_category_status` (
  `id` int(11) NOT NULL AUTO_INCREMENT,
  `status` varchar(50) NOT NULL,
  PRIMARY KEY (`id`),
  UNIQUE KEY `status` (`status`)
) ENGINE=InnoDB AUTO_INCREMENT=3 DEFAULT CHARSET=latin1;

--
-- Dumping data for table `pos_category_status`
--

INSERT INTO `pos_category_status` (`id`, `status`) VALUES
(1, 'ACTIVE'),
(2, 'INACTIVE');

-- --------------------------------------------------------

--
-- Table structure for table `pos_dept`
--

DROP TABLE IF EXISTS `pos_dept`;
CREATE TABLE IF NOT EXISTS `pos_dept` (
  `id` int(11) NOT NULL AUTO_INCREMENT,
  `dept_code` varchar(5) DEFAULT NULL,
  `dept_name` varchar(60) NOT NULL,
  `added_by` int(11) NOT NULL DEFAULT '0',
  `dt_added` varchar(30) NOT NULL DEFAULT '',
  `updated_by` int(11) NOT NULL DEFAULT '0',
  `dt_updated` varchar(30) NOT NULL DEFAULT '',
  `status_id` int(11) NOT NULL DEFAULT '1',
  PRIMARY KEY (`id`),
  UNIQUE KEY `dept_code` (`dept_code`,`dept_name`)
) ENGINE=InnoDB AUTO_INCREMENT=13 DEFAULT CHARSET=latin1;

--
-- Dumping data for table `pos_dept`
--

INSERT INTO `pos_dept` (`id`, `dept_code`, `dept_name`, `added_by`, `dt_added`, `updated_by`, `dt_updated`, `status_id`) VALUES
(12, 'ADM', 'Administration', 0, '', 0, '', 1);

-- --------------------------------------------------------

--
-- Table structure for table `pos_discount`
--

DROP TABLE IF EXISTS `pos_discount`;
CREATE TABLE IF NOT EXISTS `pos_discount` (
  `id` int(11) NOT NULL AUTO_INCREMENT,
  `discount_type` varchar(50) NOT NULL,
  `dt_created` timestamp NOT NULL DEFAULT CURRENT_TIMESTAMP,
  `created_by` int(11) NOT NULL,
  `status_id` int(11) NOT NULL DEFAULT '1',
  PRIMARY KEY (`id`)
) ENGINE=InnoDB AUTO_INCREMENT=2 DEFAULT CHARSET=latin1;

--
-- Dumping data for table `pos_discount`
--

INSERT INTO `pos_discount` (`id`, `discount_type`, `dt_created`, `created_by`, `status_id`) VALUES
(1, 'EMPLOYEE', '2022-04-02 23:40:21', 1, 1);

-- --------------------------------------------------------

--
-- Table structure for table `pos_module`
--

DROP TABLE IF EXISTS `pos_module`;
CREATE TABLE IF NOT EXISTS `pos_module` (
  `id` int(11) NOT NULL AUTO_INCREMENT,
  `module_name` varchar(50) NOT NULL,
  `added_by` int(11) NOT NULL DEFAULT '1',
  `dt_added` datetime NOT NULL,
  `status_id` int(11) NOT NULL DEFAULT '1',
  PRIMARY KEY (`id`)
) ENGINE=InnoDB DEFAULT CHARSET=latin1;

-- --------------------------------------------------------

--
-- Table structure for table `pos_payment_type`
--

DROP TABLE IF EXISTS `pos_payment_type`;
CREATE TABLE IF NOT EXISTS `pos_payment_type` (
  `id` int(11) NOT NULL AUTO_INCREMENT,
  `payment_type` varchar(20) NOT NULL,
  `status_id` int(11) NOT NULL DEFAULT '1',
  PRIMARY KEY (`id`),
  UNIQUE KEY `payment_type` (`payment_type`) USING BTREE
) ENGINE=InnoDB AUTO_INCREMENT=3 DEFAULT CHARSET=latin1;

--
-- Dumping data for table `pos_payment_type`
--

INSERT INTO `pos_payment_type` (`id`, `payment_type`, `status_id`) VALUES
(1, 'Cash', 1),
(2, 'eftPOS', 1);

-- --------------------------------------------------------

--
-- Table structure for table `pos_payment_type_status`
--

DROP TABLE IF EXISTS `pos_payment_type_status`;
CREATE TABLE IF NOT EXISTS `pos_payment_type_status` (
  `id` int(11) NOT NULL AUTO_INCREMENT,
  `status` varchar(50) NOT NULL,
  PRIMARY KEY (`id`),
  UNIQUE KEY `status` (`status`)
) ENGINE=InnoDB AUTO_INCREMENT=3 DEFAULT CHARSET=latin1;

--
-- Dumping data for table `pos_payment_type_status`
--

INSERT INTO `pos_payment_type_status` (`id`, `status`) VALUES
(1, 'ACTIVE'),
(2, 'INACTIVE');

-- --------------------------------------------------------

--
-- Table structure for table `pos_price`
--

DROP TABLE IF EXISTS `pos_price`;
CREATE TABLE IF NOT EXISTS `pos_price` (
  `id` int(11) NOT NULL AUTO_INCREMENT,
  `buyer_id` int(11) NOT NULL,
  `product_id` int(11) NOT NULL,
  `price` decimal(20,2) NOT NULL DEFAULT '0.00',
  `dt_updated` datetime NOT NULL,
  `updated_by` int(11) NOT NULL,
  PRIMARY KEY (`id`),
  UNIQUE KEY `buyer_id` (`buyer_id`,`product_id`)
) ENGINE=InnoDB AUTO_INCREMENT=392 DEFAULT CHARSET=latin1;

--
-- Dumping data for table `pos_price`
--

INSERT INTO `pos_price` (`id`, `buyer_id`, `product_id`, `price`, `dt_updated`, `updated_by`) VALUES
(1, 1, 1, '1.00', '2022-03-20 00:00:00', 1),
(2, 1, 2, '1.00', '2022-03-21 00:00:00', 1),
(3, 1, 3, '1.00', '2022-03-22 00:00:00', 1),
(4, 1, 4, '1.00', '2022-03-23 00:00:00', 1),
(5, 1, 5, '1.00', '2022-03-24 00:00:00', 1),
(6, 1, 6, '1.00', '2022-03-25 00:00:00', 1),
(7, 1, 7, '1.90', '2022-03-26 00:00:00', 1),
(8, 1, 8, '1.60', '2022-03-27 00:00:00', 1),
(9, 1, 9, '1.60', '2022-03-28 00:00:00', 1),
(10, 1, 10, '1.60', '2022-03-29 00:00:00', 1),
(11, 1, 11, '1.00', '2022-03-30 00:00:00', 1),
(12, 1, 12, '1.00', '2022-03-31 00:00:00', 1),
(13, 1, 13, '1.00', '2022-04-01 00:00:00', 1),
(14, 1, 14, '1.00', '2022-04-02 00:00:00', 1),
(15, 1, 15, '1.20', '2022-04-03 00:00:00', 1),
(16, 1, 16, '2.51', '2022-04-04 10:46:09', 2),
(17, 1, 17, '1.00', '2022-04-05 00:00:00', 1),
(18, 1, 18, '2.50', '2022-04-06 00:00:00', 1),
(19, 1, 19, '1.50', '2022-04-07 00:00:00', 1),
(20, 1, 20, '2.80', '2022-04-08 00:00:00', 1),
(21, 1, 21, '6.50', '2022-04-09 00:00:00', 1),
(22, 1, 22, '9.00', '2022-04-10 00:00:00', 1),
(23, 1, 23, '1.20', '2022-04-11 00:00:00', 1),
(24, 1, 24, '8.00', '2022-04-12 00:00:00', 1),
(25, 1, 25, '3.20', '2022-04-13 00:00:00', 1),
(26, 1, 26, '1.20', '2022-04-14 00:00:00', 1),
(27, 1, 27, '1.00', '2022-04-15 00:00:00', 1),
(28, 1, 28, '1.00', '2022-04-16 00:00:00', 1),
(29, 1, 29, '1.00', '2022-04-17 00:00:00', 1),
(30, 1, 30, '10.00', '2022-04-18 00:00:00', 1),
(31, 1, 31, '3.30', '2022-04-19 00:00:00', 1),
(32, 1, 32, '4.00', '2022-04-20 00:00:00', 1),
(33, 1, 33, '0.10', '2022-04-21 00:00:00', 1),
(34, 1, 34, '0.20', '2022-04-22 00:00:00', 1),
(35, 1, 35, '0.50', '2022-04-23 00:00:00', 1),
(36, 1, 36, '0.10', '2022-04-24 00:00:00', 1),
(37, 1, 37, '4.00', '2022-04-25 00:00:00', 1),
(38, 1, 38, '2.50', '2022-04-26 00:00:00', 1),
(39, 1, 39, '2.50', '2022-04-27 00:00:00', 1),
(40, 1, 40, '2.50', '2022-04-28 00:00:00', 1),
(41, 1, 41, '4.80', '2022-04-29 00:00:00', 1),
(42, 1, 42, '1.90', '2022-04-30 00:00:00', 1),
(43, 1, 43, '3.50', '2022-05-01 00:00:00', 1),
(44, 1, 44, '4.50', '2022-05-02 00:00:00', 1),
(45, 1, 45, '2.50', '2022-05-03 00:00:00', 1),
(46, 1, 46, '4.90', '2022-05-04 00:00:00', 1),
(47, 1, 47, '2.50', '2022-05-05 00:00:00', 1),
(48, 1, 48, '3.00', '2022-05-06 00:00:00', 1),
(49, 1, 49, '2.50', '2022-05-07 00:00:00', 1),
(50, 1, 50, '2.50', '2022-05-08 00:00:00', 1),
(51, 1, 51, '1.20', '2022-05-09 00:00:00', 1),
(52, 1, 52, '1.20', '2022-05-10 00:00:00', 1),
(53, 1, 53, '2.00', '2022-05-11 00:00:00', 1),
(54, 1, 54, '1.00', '2022-05-12 00:00:00', 1),
(55, 1, 55, '1.50', '2022-05-13 00:00:00', 1),
(56, 1, 56, '2.50', '2022-05-14 00:00:00', 1),
(57, 1, 57, '1.00', '2022-05-15 00:00:00', 1),
(58, 1, 58, '3.00', '2022-05-16 00:00:00', 1),
(59, 1, 59, '2.00', '2022-05-17 00:00:00', 1),
(60, 1, 60, '3.50', '2022-05-18 00:00:00', 1),
(61, 1, 61, '2.00', '2022-05-19 00:00:00', 1),
(62, 1, 62, '3.50', '2022-05-20 00:00:00', 1),
(63, 1, 63, '2.50', '2022-05-21 00:00:00', 1),
(64, 1, 64, '2.00', '2022-05-22 00:00:00', 1),
(65, 1, 65, '3.50', '2022-05-23 00:00:00', 1),
(66, 1, 66, '2.00', '2022-05-24 00:00:00', 1),
(67, 1, 67, '3.50', '2022-05-25 00:00:00', 1),
(68, 1, 68, '1.50', '2022-05-26 00:00:00', 1),
(69, 1, 69, '6.80', '2022-05-27 00:00:00', 1),
(70, 1, 70, '2.50', '2022-05-28 00:00:00', 1),
(71, 1, 71, '5.50', '2022-05-29 00:00:00', 1),
(72, 1, 72, '2.50', '2022-05-30 00:00:00', 1),
(73, 1, 73, '3.50', '2022-05-31 00:00:00', 1),
(74, 1, 74, '5.50', '2022-06-01 00:00:00', 1),
(75, 1, 75, '10.50', '2022-06-02 00:00:00', 1),
(76, 1, 76, '20.50', '2022-06-03 00:00:00', 1),
(77, 1, 77, '3.50', '2022-06-04 00:00:00', 1),
(78, 1, 78, '5.50', '2022-06-05 00:00:00', 1),
(79, 1, 79, '10.50', '2022-06-06 00:00:00', 1),
(80, 1, 80, '20.50', '2022-06-07 00:00:00', 1),
(81, 1, 81, '3.50', '2022-06-08 00:00:00', 1),
(82, 1, 82, '5.50', '2022-06-09 00:00:00', 1),
(83, 1, 83, '10.50', '2022-06-10 00:00:00', 1),
(84, 1, 84, '1.20', '2022-06-11 00:00:00', 1),
(85, 1, 85, '1.00', '2022-06-12 00:00:00', 1),
(86, 1, 86, '1.00', '2022-06-13 00:00:00', 1),
(87, 1, 87, '7.00', '2022-06-14 00:00:00', 1),
(88, 1, 88, '7.00', '2022-06-15 00:00:00', 1),
(89, 1, 89, '13.00', '2022-06-16 00:00:00', 1),
(90, 1, 90, '13.00', '2022-06-17 00:00:00', 1),
(91, 1, 91, '13.00', '2022-06-18 00:00:00', 1),
(92, 1, 92, '15.00', '2022-06-19 00:00:00', 1),
(93, 1, 93, '13.00', '2022-06-20 00:00:00', 1),
(94, 1, 94, '8.00', '2022-06-21 00:00:00', 1),
(95, 1, 95, '1.00', '2022-06-22 00:00:00', 1),
(96, 1, 96, '1.00', '2022-06-23 00:00:00', 1),
(97, 1, 97, '3.00', '2022-06-24 00:00:00', 1),
(98, 2, 1, '1.00', '2022-06-25 00:00:00', 1),
(99, 2, 2, '1.00', '2022-06-26 00:00:00', 1),
(100, 2, 3, '1.00', '2022-06-27 00:00:00', 1),
(101, 2, 4, '1.00', '2022-06-28 00:00:00', 1),
(102, 2, 5, '1.00', '2022-06-29 00:00:00', 1),
(103, 2, 6, '1.00', '2022-06-30 00:00:00', 1),
(104, 2, 7, '1.90', '2022-07-01 00:00:00', 1),
(105, 2, 8, '1.60', '2022-07-02 00:00:00', 1),
(106, 2, 9, '1.60', '2022-07-03 00:00:00', 1),
(107, 2, 10, '1.60', '2022-07-04 00:00:00', 1),
(108, 2, 11, '1.00', '2022-07-05 00:00:00', 1),
(109, 2, 12, '1.00', '2022-07-06 00:00:00', 1),
(110, 2, 13, '1.00', '2022-07-07 00:00:00', 1),
(111, 2, 14, '1.00', '2022-07-08 00:00:00', 1),
(112, 2, 15, '1.20', '2022-07-09 00:00:00', 1),
(113, 2, 16, '2.50', '2022-07-10 00:00:00', 1),
(114, 2, 17, '1.00', '2022-07-11 00:00:00', 1),
(115, 2, 18, '2.50', '2022-07-12 00:00:00', 1),
(116, 2, 19, '1.50', '2022-07-13 00:00:00', 1),
(117, 2, 20, '2.80', '2022-07-14 00:00:00', 1),
(118, 2, 21, '6.50', '2022-07-15 00:00:00', 1),
(119, 2, 22, '9.00', '2022-07-16 00:00:00', 1),
(120, 2, 23, '1.20', '2022-07-17 00:00:00', 1),
(121, 2, 24, '8.00', '2022-07-18 00:00:00', 1),
(122, 2, 25, '3.20', '2022-07-19 00:00:00', 1),
(123, 2, 26, '1.20', '2022-07-20 00:00:00', 1),
(124, 2, 27, '1.00', '2022-07-21 00:00:00', 1),
(125, 2, 28, '1.00', '2022-07-22 00:00:00', 1),
(126, 2, 29, '1.00', '2022-07-23 00:00:00', 1),
(127, 2, 30, '10.00', '2022-07-24 00:00:00', 1),
(128, 2, 31, '3.30', '2022-07-25 00:00:00', 1),
(129, 2, 32, '4.00', '2022-07-26 00:00:00', 1),
(130, 2, 33, '0.10', '2022-07-27 00:00:00', 1),
(131, 2, 34, '0.20', '2022-07-28 00:00:00', 1),
(132, 2, 35, '0.50', '2022-07-29 00:00:00', 1),
(133, 2, 36, '0.10', '2022-07-30 00:00:00', 1),
(134, 2, 37, '4.00', '2022-07-31 00:00:00', 1),
(135, 2, 38, '2.50', '2022-08-01 00:00:00', 1),
(136, 2, 39, '2.50', '2022-08-02 00:00:00', 1),
(137, 2, 40, '2.50', '2022-08-03 00:00:00', 1),
(138, 2, 41, '4.80', '2022-08-04 00:00:00', 1),
(139, 2, 42, '1.90', '2022-08-05 00:00:00', 1),
(140, 2, 43, '3.50', '2022-08-06 00:00:00', 1),
(141, 2, 44, '4.50', '2022-08-07 00:00:00', 1),
(142, 2, 45, '2.50', '2022-08-08 00:00:00', 1),
(143, 2, 46, '4.90', '2022-08-09 00:00:00', 1),
(144, 2, 47, '2.50', '2022-08-10 00:00:00', 1),
(145, 2, 48, '3.00', '2022-08-11 00:00:00', 1),
(146, 2, 49, '2.50', '2022-08-12 00:00:00', 1),
(147, 2, 50, '2.50', '2022-08-13 00:00:00', 1),
(148, 2, 51, '1.20', '2022-08-14 00:00:00', 1),
(149, 2, 52, '1.20', '2022-08-15 00:00:00', 1),
(150, 2, 53, '2.00', '2022-08-16 00:00:00', 1),
(151, 2, 54, '1.00', '2022-08-17 00:00:00', 1),
(152, 2, 55, '1.50', '2022-08-18 00:00:00', 1),
(153, 2, 56, '2.50', '2022-08-19 00:00:00', 1),
(154, 2, 57, '1.00', '2022-08-20 00:00:00', 1),
(155, 2, 58, '3.00', '2022-08-21 00:00:00', 1),
(156, 2, 59, '2.00', '2022-08-22 00:00:00', 1),
(157, 2, 60, '3.50', '2022-08-23 00:00:00', 1),
(158, 2, 61, '2.00', '2022-08-24 00:00:00', 1),
(159, 2, 62, '3.50', '2022-08-25 00:00:00', 1),
(160, 2, 63, '2.50', '2022-08-26 00:00:00', 1),
(161, 2, 64, '2.00', '2022-08-27 00:00:00', 1),
(162, 2, 65, '3.50', '2022-08-28 00:00:00', 1),
(163, 2, 66, '2.00', '2022-08-29 00:00:00', 1),
(164, 2, 67, '3.50', '2022-08-30 00:00:00', 1),
(165, 2, 68, '1.50', '2022-08-31 00:00:00', 1),
(166, 2, 69, '6.80', '2022-09-01 00:00:00', 1),
(167, 2, 70, '2.50', '2022-09-02 00:00:00', 1),
(168, 2, 71, '5.50', '2022-09-03 00:00:00', 1),
(169, 2, 72, '2.50', '2022-09-04 00:00:00', 1),
(170, 2, 73, '3.50', '2022-09-05 00:00:00', 1),
(171, 2, 74, '5.50', '2022-09-06 00:00:00', 1),
(172, 2, 75, '10.50', '2022-09-07 00:00:00', 1),
(173, 2, 76, '20.50', '2022-09-08 00:00:00', 1),
(174, 2, 77, '3.50', '2022-09-09 00:00:00', 1),
(175, 2, 78, '5.50', '2022-09-10 00:00:00', 1),
(176, 2, 79, '10.50', '2022-09-11 00:00:00', 1),
(177, 2, 80, '20.50', '2022-09-12 00:00:00', 1),
(178, 2, 81, '3.50', '2022-09-13 00:00:00', 1),
(179, 2, 82, '5.50', '2022-09-14 00:00:00', 1),
(180, 2, 83, '10.50', '2022-09-15 00:00:00', 1),
(181, 2, 84, '1.20', '2022-09-16 00:00:00', 1),
(182, 2, 85, '1.00', '2022-09-17 00:00:00', 1),
(183, 2, 86, '1.00', '2022-09-18 00:00:00', 1),
(184, 2, 87, '7.00', '2022-09-19 00:00:00', 1),
(185, 2, 88, '7.00', '2022-09-20 00:00:00', 1),
(186, 2, 89, '13.00', '2022-09-21 00:00:00', 1),
(187, 2, 90, '13.00', '2022-09-22 00:00:00', 1),
(188, 2, 91, '13.00', '2022-09-23 00:00:00', 1),
(189, 2, 92, '15.00', '2022-09-24 00:00:00', 1),
(190, 2, 93, '13.00', '2022-09-25 00:00:00', 1),
(191, 2, 94, '8.00', '2022-09-26 00:00:00', 1),
(192, 2, 95, '1.00', '2022-09-27 00:00:00', 1),
(193, 2, 96, '1.00', '2022-09-28 00:00:00', 1),
(194, 2, 97, '3.00', '2022-09-29 00:00:00', 1),
(195, 3, 1, '1.00', '2022-09-30 00:00:00', 1),
(196, 3, 2, '1.00', '2022-10-01 00:00:00', 1),
(197, 3, 3, '1.00', '2022-10-02 00:00:00', 1),
(198, 3, 4, '1.00', '2022-10-03 00:00:00', 1),
(199, 3, 5, '1.00', '2022-10-04 00:00:00', 1),
(200, 3, 6, '1.00', '2022-10-05 00:00:00', 1),
(201, 3, 7, '1.90', '2022-10-06 00:00:00', 1),
(202, 3, 8, '1.60', '2022-10-07 00:00:00', 1),
(203, 3, 9, '1.60', '2022-10-08 00:00:00', 1),
(204, 3, 10, '1.60', '2022-10-09 00:00:00', 1),
(205, 3, 11, '1.00', '2022-10-10 00:00:00', 1),
(206, 3, 12, '1.00', '2022-10-11 00:00:00', 1),
(207, 3, 13, '1.00', '2022-10-12 00:00:00', 1),
(208, 3, 14, '1.00', '2022-10-13 00:00:00', 1),
(209, 3, 15, '1.20', '2022-10-14 00:00:00', 1),
(210, 3, 16, '2.50', '2022-10-15 00:00:00', 1),
(211, 3, 17, '1.00', '2022-10-16 00:00:00', 1),
(212, 3, 18, '2.50', '2022-10-17 00:00:00', 1),
(213, 3, 19, '1.50', '2022-10-18 00:00:00', 1),
(214, 3, 20, '2.80', '2022-10-19 00:00:00', 1),
(215, 3, 21, '6.50', '2022-10-20 00:00:00', 1),
(216, 3, 22, '9.00', '2022-10-21 00:00:00', 1),
(217, 3, 23, '1.20', '2022-10-22 00:00:00', 1),
(218, 3, 24, '8.00', '2022-10-23 00:00:00', 1),
(219, 3, 25, '3.20', '2022-10-24 00:00:00', 1),
(220, 3, 26, '1.20', '2022-10-25 00:00:00', 1),
(221, 3, 27, '1.00', '2022-10-26 00:00:00', 1),
(222, 3, 28, '1.00', '2022-10-27 00:00:00', 1),
(223, 3, 29, '1.00', '2022-10-28 00:00:00', 1),
(224, 3, 30, '10.00', '2022-10-29 00:00:00', 1),
(225, 3, 31, '3.30', '2022-10-30 00:00:00', 1),
(226, 3, 32, '4.00', '2022-10-31 00:00:00', 1),
(227, 3, 33, '0.10', '2022-11-01 00:00:00', 1),
(228, 3, 34, '0.20', '2022-11-02 00:00:00', 1),
(229, 3, 35, '0.50', '2022-11-03 00:00:00', 1),
(230, 3, 36, '0.10', '2022-11-04 00:00:00', 1),
(231, 3, 37, '4.00', '2022-11-05 00:00:00', 1),
(232, 3, 38, '2.50', '2022-11-06 00:00:00', 1),
(233, 3, 39, '2.50', '2022-11-07 00:00:00', 1),
(234, 3, 40, '2.50', '2022-11-08 00:00:00', 1),
(235, 3, 41, '4.80', '2022-11-09 00:00:00', 1),
(236, 3, 42, '1.90', '2022-11-10 00:00:00', 1),
(237, 3, 43, '3.50', '2022-11-11 00:00:00', 1),
(238, 3, 44, '4.50', '2022-11-12 00:00:00', 1),
(239, 3, 45, '2.50', '2022-11-13 00:00:00', 1),
(240, 3, 46, '4.90', '2022-11-14 00:00:00', 1),
(241, 3, 47, '2.50', '2022-11-15 00:00:00', 1),
(242, 3, 48, '3.00', '2022-11-16 00:00:00', 1),
(243, 3, 49, '2.50', '2022-11-17 00:00:00', 1),
(244, 3, 50, '2.50', '2022-11-18 00:00:00', 1),
(245, 3, 51, '1.20', '2022-11-19 00:00:00', 1),
(246, 3, 52, '1.20', '2022-11-20 00:00:00', 1),
(247, 3, 53, '2.00', '2022-11-21 00:00:00', 1),
(248, 3, 54, '1.00', '2022-11-22 00:00:00', 1),
(249, 3, 55, '1.50', '2022-11-23 00:00:00', 1),
(250, 3, 56, '2.50', '2022-11-24 00:00:00', 1),
(251, 3, 57, '1.00', '2022-11-25 00:00:00', 1),
(252, 3, 58, '3.00', '2022-11-26 00:00:00', 1),
(253, 3, 59, '2.00', '2022-11-27 00:00:00', 1),
(254, 3, 60, '3.50', '2022-11-28 00:00:00', 1),
(255, 3, 61, '2.00', '2022-11-29 00:00:00', 1),
(256, 3, 62, '3.50', '2022-11-30 00:00:00', 1),
(257, 3, 63, '2.50', '2022-12-01 00:00:00', 1),
(258, 3, 64, '2.00', '2022-12-02 00:00:00', 1),
(259, 3, 65, '3.50', '2022-12-03 00:00:00', 1),
(260, 3, 66, '2.00', '2022-12-04 00:00:00', 1),
(261, 3, 67, '3.50', '2022-12-05 00:00:00', 1),
(262, 3, 68, '1.50', '2022-12-06 00:00:00', 1),
(263, 3, 69, '6.80', '2022-12-07 00:00:00', 1),
(264, 3, 70, '2.50', '2022-12-08 00:00:00', 1),
(265, 3, 71, '5.50', '2022-12-09 00:00:00', 1),
(266, 3, 72, '2.50', '2022-12-10 00:00:00', 1),
(267, 3, 73, '3.50', '2022-12-11 00:00:00', 1),
(268, 3, 74, '5.50', '2022-12-12 00:00:00', 1),
(269, 3, 75, '10.50', '2022-12-13 00:00:00', 1),
(270, 3, 76, '20.50', '2022-12-14 00:00:00', 1),
(271, 3, 77, '3.50', '2022-12-15 00:00:00', 1),
(272, 3, 78, '5.50', '2022-12-16 00:00:00', 1),
(273, 3, 79, '10.50', '2022-12-17 00:00:00', 1),
(274, 3, 80, '20.50', '2022-12-18 00:00:00', 1),
(275, 3, 81, '3.50', '2022-12-19 00:00:00', 1),
(276, 3, 82, '5.50', '2022-12-20 00:00:00', 1),
(277, 3, 83, '10.50', '2022-12-21 00:00:00', 1),
(278, 3, 84, '1.20', '2022-12-22 00:00:00', 1),
(279, 3, 85, '1.00', '2022-12-23 00:00:00', 1),
(280, 3, 86, '1.00', '2022-12-24 00:00:00', 1),
(281, 3, 87, '7.00', '2022-12-25 00:00:00', 1),
(282, 3, 88, '7.00', '2022-12-26 00:00:00', 1),
(283, 3, 89, '13.00', '2022-12-27 00:00:00', 1),
(284, 3, 90, '13.00', '2022-12-28 00:00:00', 1),
(285, 3, 91, '13.00', '2022-12-29 00:00:00', 1),
(286, 3, 92, '15.00', '2022-12-30 00:00:00', 1),
(287, 3, 93, '13.00', '2022-12-31 00:00:00', 1),
(288, 3, 94, '8.00', '2023-01-01 00:00:00', 1),
(289, 3, 95, '1.00', '2023-01-02 00:00:00', 1),
(290, 3, 96, '1.00', '2023-01-03 00:00:00', 1),
(291, 3, 97, '3.00', '2023-01-04 00:00:00', 1),
(292, 4, 1, '1.00', '2023-01-05 00:00:00', 1),
(293, 4, 2, '1.00', '2023-01-06 00:00:00', 1),
(294, 4, 3, '1.00', '2023-01-07 00:00:00', 1),
(295, 4, 4, '1.00', '2023-01-08 00:00:00', 1),
(296, 4, 5, '1.00', '2023-01-09 00:00:00', 1),
(297, 4, 6, '1.00', '2023-01-10 00:00:00', 1),
(298, 4, 7, '1.90', '2023-01-11 00:00:00', 1),
(299, 4, 8, '1.60', '2023-01-12 00:00:00', 1),
(300, 4, 9, '1.60', '2023-01-13 00:00:00', 1),
(301, 4, 10, '1.60', '2023-01-14 00:00:00', 1),
(302, 4, 11, '1.00', '2023-01-15 00:00:00', 1),
(303, 4, 12, '1.00', '2023-01-16 00:00:00', 1),
(304, 4, 13, '1.00', '2023-01-17 00:00:00', 1),
(305, 4, 14, '1.00', '2023-01-18 00:00:00', 1),
(306, 4, 15, '1.20', '2023-01-19 00:00:00', 1),
(307, 4, 16, '2.50', '2022-04-04 10:46:30', 2),
(308, 4, 17, '1.00', '2023-01-21 00:00:00', 1),
(309, 4, 18, '2.50', '2023-01-22 00:00:00', 1),
(310, 4, 19, '1.50', '2023-01-23 00:00:00', 1),
(311, 4, 20, '2.80', '2023-01-24 00:00:00', 1),
(312, 4, 21, '6.50', '2023-01-25 00:00:00', 1),
(313, 4, 22, '9.00', '2023-01-26 00:00:00', 1),
(314, 4, 23, '1.20', '2023-01-27 00:00:00', 1),
(315, 4, 24, '8.00', '2023-01-28 00:00:00', 1),
(316, 4, 25, '3.20', '2023-01-29 00:00:00', 1),
(317, 4, 26, '1.20', '2023-01-30 00:00:00', 1),
(318, 4, 27, '1.00', '2023-01-31 00:00:00', 1),
(319, 4, 28, '1.00', '2023-02-01 00:00:00', 1),
(320, 4, 29, '1.00', '2023-02-02 00:00:00', 1),
(321, 4, 30, '10.00', '2023-02-03 00:00:00', 1),
(322, 4, 31, '3.30', '2023-02-04 00:00:00', 1),
(323, 4, 32, '4.00', '2023-02-05 00:00:00', 1),
(324, 4, 33, '0.10', '2023-02-06 00:00:00', 1),
(325, 4, 34, '0.20', '2023-02-07 00:00:00', 1),
(326, 4, 35, '0.50', '2023-02-08 00:00:00', 1),
(327, 4, 36, '0.10', '2023-02-09 00:00:00', 1),
(328, 4, 37, '4.00', '2023-02-10 00:00:00', 1),
(329, 4, 38, '2.50', '2023-02-11 00:00:00', 1),
(330, 4, 39, '2.50', '2023-02-12 00:00:00', 1),
(331, 4, 40, '2.50', '2023-02-13 00:00:00', 1),
(332, 4, 41, '4.80', '2023-02-14 00:00:00', 1),
(333, 4, 42, '1.90', '2023-02-15 00:00:00', 1),
(334, 4, 43, '3.50', '2023-02-16 00:00:00', 1),
(335, 4, 44, '4.50', '2023-02-17 00:00:00', 1),
(336, 4, 45, '2.50', '2023-02-18 00:00:00', 1),
(337, 4, 46, '4.90', '2023-02-19 00:00:00', 1),
(338, 4, 47, '2.50', '2023-02-20 00:00:00', 1),
(339, 4, 48, '3.00', '2023-02-21 00:00:00', 1),
(340, 4, 49, '2.50', '2023-02-22 00:00:00', 1),
(341, 4, 50, '2.50', '2023-02-23 00:00:00', 1),
(342, 4, 51, '1.20', '2023-02-24 00:00:00', 1),
(343, 4, 52, '1.20', '2023-02-25 00:00:00', 1),
(344, 4, 53, '2.00', '2023-02-26 00:00:00', 1),
(345, 4, 54, '1.00', '2023-02-27 00:00:00', 1),
(346, 4, 55, '1.50', '2023-02-28 00:00:00', 1),
(347, 4, 56, '2.50', '2023-03-01 00:00:00', 1),
(348, 4, 57, '1.00', '2023-03-02 00:00:00', 1),
(349, 4, 58, '3.00', '2023-03-03 00:00:00', 1),
(350, 4, 59, '2.00', '2023-03-04 00:00:00', 1),
(351, 4, 60, '3.50', '2023-03-05 00:00:00', 1),
(352, 4, 61, '2.00', '2023-03-06 00:00:00', 1),
(353, 4, 62, '3.50', '2023-03-07 00:00:00', 1),
(354, 4, 63, '2.50', '2023-03-08 00:00:00', 1),
(355, 4, 64, '2.00', '2023-03-09 00:00:00', 1),
(356, 4, 65, '3.50', '2023-03-10 00:00:00', 1),
(357, 4, 66, '2.00', '2023-03-11 00:00:00', 1),
(358, 4, 67, '3.50', '2023-03-12 00:00:00', 1),
(359, 4, 68, '1.50', '2023-03-13 00:00:00', 1),
(360, 4, 69, '6.80', '2023-03-14 00:00:00', 1),
(361, 4, 70, '2.50', '2023-03-15 00:00:00', 1),
(362, 4, 71, '5.50', '2023-03-16 00:00:00', 1),
(363, 4, 72, '2.50', '2023-03-17 00:00:00', 1),
(364, 4, 73, '3.50', '2023-03-18 00:00:00', 1),
(365, 4, 74, '5.50', '2023-03-19 00:00:00', 1),
(366, 4, 75, '10.50', '2023-03-20 00:00:00', 1),
(367, 4, 76, '20.50', '2023-03-21 00:00:00', 1),
(368, 4, 77, '3.50', '2023-03-22 00:00:00', 1),
(369, 4, 78, '5.50', '2023-03-23 00:00:00', 1),
(370, 4, 79, '10.50', '2023-03-24 00:00:00', 1),
(371, 4, 80, '20.50', '2023-03-25 00:00:00', 1),
(372, 4, 81, '3.50', '2023-03-26 00:00:00', 1),
(373, 4, 82, '5.50', '2023-03-27 00:00:00', 1),
(374, 4, 83, '10.50', '2023-03-28 00:00:00', 1),
(375, 4, 84, '1.20', '2023-03-29 00:00:00', 1),
(376, 4, 85, '1.00', '2023-03-30 00:00:00', 1),
(377, 4, 86, '1.00', '2023-03-31 00:00:00', 1),
(378, 4, 87, '7.00', '2023-04-01 00:00:00', 1),
(379, 4, 88, '7.00', '2023-04-02 00:00:00', 1),
(380, 4, 89, '13.00', '2023-04-03 00:00:00', 1),
(381, 4, 90, '13.00', '2023-04-04 00:00:00', 1),
(382, 4, 91, '13.00', '2023-04-05 00:00:00', 1),
(383, 4, 92, '15.00', '2023-04-06 00:00:00', 1),
(384, 4, 93, '13.00', '2023-04-07 00:00:00', 1),
(385, 4, 94, '8.00', '2023-04-08 00:00:00', 1),
(386, 4, 95, '1.00', '2023-04-09 00:00:00', 1),
(387, 4, 96, '1.00', '2023-04-10 00:00:00', 1),
(388, 4, 97, '3.00', '2023-04-11 00:00:00', 1),
(389, 1, 98, '2.00', '2022-04-02 21:52:03', 1),
(390, 3, 98, '1.50', '2022-04-02 21:52:07', 1),
(391, 2, 98, '3.50', '2022-04-02 21:53:34', 1);

-- --------------------------------------------------------

--
-- Table structure for table `pos_product`
--

DROP TABLE IF EXISTS `pos_product`;
CREATE TABLE IF NOT EXISTS `pos_product` (
  `id` int(11) NOT NULL AUTO_INCREMENT,
  `product_code` varchar(100) NOT NULL,
  `product_name` varchar(100) NOT NULL,
  `product_uom` int(11) NOT NULL,
  `category_id` int(11) NOT NULL DEFAULT '0',
  `status_id` int(11) NOT NULL DEFAULT '1',
  PRIMARY KEY (`id`),
  UNIQUE KEY `product_code` (`product_code`),
  UNIQUE KEY `product_name` (`product_name`)
) ENGINE=InnoDB AUTO_INCREMENT=100 DEFAULT CHARSET=latin1;

--
-- Dumping data for table `pos_product`
--

INSERT INTO `pos_product` (`id`, `product_code`, `product_name`, `product_uom`, `category_id`, `status_id`) VALUES
(1, '00001', 'Chicken Twisties', 2, 0, 1),
(2, '00002', 'Cheese Twisties', 2, 0, 1),
(3, '00003', 'Twisties - Cheese & Onion 42x35g', 2, 0, 1),
(4, '00004', 'Gold Nuggets - Chicken', 2, 0, 1),
(5, '00005', 'Gold Nuggets - Cheese', 2, 0, 1),
(6, '00006', 'Super Ring Cheese 42 x 35g', 2, 0, 1),
(7, '00007', 'Morobean Wopa Biscuits 60x 125g', 2, 0, 1),
(8, '00008', 'Morobean Wopa Biscuits 60x 100g', 2, 0, 1),
(9, '00009', 'Arrow Chicken 40x 85mg', 2, 0, 1),
(10, '00010', 'Arrow Beef 40x85mg', 2, 0, 1),
(11, '00011', 'Snax Biscuit - Chicken 40x80g', 2, 0, 1),
(12, '00012', 'Snax Biscuit - Beef 40x80g', 2, 0, 1),
(13, '00013', 'Em Nau Chicken 40x70/85g', 2, 0, 1),
(14, '00014', 'Em Nau Beef 40x70/85g', 2, 0, 1),
(15, '00015', 'Maggie Noodles', 2, 0, 1),
(16, '00016', 'ABC Cup Noodles 24x60g', 2, 2, 1),
(17, '00017', 'ABC Noodles 85g x 36', 2, 0, 1),
(18, '00018', 'Popmie Cup Noodles', 2, 0, 1),
(19, '00019', 'Ramu Sugar - 20 x 250g', 2, 0, 1),
(20, '00020', 'Ramu Sugar - 20 x 500g', 2, 0, 1),
(21, '00021', 'Ramu Sugar - 1 Kg', 2, 0, 1),
(22, '00022', 'Nestle Milo - 200g', 2, 0, 1),
(23, '00023', 'Nestle Milo - 30g', 2, 0, 1),
(24, '00024', 'Sunshine Pwdr Milk - 200g', 2, 0, 1),
(25, '00025', 'Sunshine Pwdr Milk - 55g', 2, 0, 1),
(26, '00026', 'Sunshine Pwdr Milk - 25g', 2, 0, 1),
(27, '00027', 'Nescafe 3 in 1', 2, 0, 1),
(28, '00028', 'Nescafe 3 in 1 Moa Cream', 2, 0, 1),
(29, '00029', 'Kopiko - Blanca', 2, 0, 1),
(30, '00030', 'Nescafe Coffee - 75g', 2, 0, 1),
(31, '00031', 'No 1 Tea - 25S', 2, 0, 1),
(32, '00032', 'COFFEE CANDY - Packet', 2, 0, 1),
(33, '00033', 'COFFEE CANDY - Loose', 2, 0, 1),
(34, '00034', 'Big Boy Bubble Gum', 2, 0, 1),
(35, '00035', 'PK chewing Gum', 2, 0, 1),
(36, '00036', 'Rinda Mint - Loose', 2, 0, 1),
(37, '00037', 'Rinda Mint - Packet', 2, 0, 1),
(38, '00038', 'Vita Juice Pine Orange', 2, 0, 1),
(39, '00039', 'Vita Juice - Orange & Mango', 2, 0, 1),
(40, '00040', 'Vita Juice - Mango', 2, 0, 1),
(41, '00041', 'Roots Rice 1 Kg', 2, 0, 1),
(42, '00042', 'Star Cooking Salt 1kg', 2, 0, 1),
(43, '00043', 'Gold N Sun Cooking Oil 500mls', 2, 0, 1),
(44, '00044', 'Peanut Butter', 2, 0, 1),
(45, '00045', 'Besta Tuna Flakes 170g', 2, 0, 1),
(46, '00046', 'Dolly Tuna Chunks Brine 48x180g', 2, 0, 1),
(47, '00047', 'Singel scoop', 2, 0, 1),
(48, '00048', 'Double scoop', 2, 0, 1),
(49, '00049', 'T Shake - Vanilla', 2, 0, 1),
(50, '00050', 'T Shake - Chocolate', 2, 0, 1),
(51, '00051', 'Harmony Bath Soap Apple', 2, 0, 1),
(52, '00052', 'Harmony Bath Soap Lime', 2, 0, 1),
(53, '00053', 'Babysoft Toilet Paper 3PLY - 12 Rolls', 2, 0, 1),
(54, '00054', 'Klina Cut - Laundry Soap', 2, 0, 1),
(55, '00055', 'B-29 Laundry Detergent', 2, 0, 1),
(56, '00056', 'Takeaway Coffee Cup', 2, 0, 1),
(57, '00057', 'Boiled Egg', 2, 0, 1),
(58, '00058', 'Bu - Energy Drink 350mls', 2, 0, 1),
(59, '00059', 'Coke Can - 330mLs', 2, 0, 1),
(60, '00060', 'Coke Pet Bottles - 500Mls', 2, 0, 1),
(61, '00061', 'Sprite - 330mls', 2, 0, 1),
(62, '00062', 'Sprite - 500mls', 2, 0, 1),
(63, '00063', 'Solo -330mls', 2, 0, 1),
(64, '00064', 'Fanta - Pineapple 330mls', 2, 0, 1),
(65, '00065', 'Fanta - Pineapple 500mls', 2, 0, 1),
(66, '00066', 'Fanta - Orange 330mls', 2, 0, 1),
(67, '00067', 'Fanta - Orange 500mls', 2, 0, 1),
(68, '00068', 'Eco Water', 2, 0, 1),
(69, '00069', 'Pauls Long Life Milk 12 x 1 Ltrs', 2, 0, 1),
(70, '00070', 'Pauls Long Life Milk 24 x 250 mls', 2, 0, 1),
(71, '00071', 'EACH ANCHOR BUTTER 100g', 2, 0, 1),
(72, '00072', 'Milo RTD Cans 24x240mls', 2, 0, 1),
(73, '00073', 'Digicel Flex Card - K3s', 2, 0, 1),
(74, '00074', 'Digicel Flex Card - K5s', 2, 0, 1),
(75, '00075', 'Digicel Flex Card - K10s', 2, 0, 1),
(76, '00076', 'Digicel Flex Card - K20s', 2, 0, 1),
(77, '00077', 'B-Mobile Top Cards - K3s', 2, 0, 1),
(78, '00078', 'B-Mobile Top Cards - K5s', 2, 0, 1),
(79, '00079', 'B-Mobile Top Cards - K10s', 2, 0, 1),
(80, '00080', 'B-Mobile Top Card - K20s', 2, 0, 1),
(81, '00081', 'TELIKOM RAIT CARDS - K3.00s', 2, 0, 1),
(82, '00082', 'TELIKOM RAIT CARDS - K5.00s', 2, 0, 1),
(83, '00083', 'TELIKOM RAIT CARDS - K10.00s', 2, 0, 1),
(84, '00084', 'CAMBRIDGE 25s', 2, 0, 1),
(85, '00085', 'SPEAR 80\'S (Cut in half =80)', 2, 0, 1),
(86, '00086', 'Gas Lighter', 2, 0, 1),
(87, '00087', 'Plain Chips', 2, 0, 1),
(88, '00088', 'Harmburger', 2, 0, 1),
(89, '00089', 'Hamburger with Chips', 2, 0, 1),
(90, '00090', 'Chicken Wrap w/ Chips', 2, 0, 1),
(91, '00091', 'Chicken & Chips', 2, 0, 1),
(92, '00092', 'Chicken & Chips with Salad', 2, 0, 1),
(93, '00093', 'BBQ Pork Belly w/potatoe & vegies', 2, 0, 1),
(94, '00094', 'Marinated Lambflaps', 2, 0, 1),
(95, '00095', 'Kaukau', 2, 0, 1),
(96, '00096', 'Taro', 2, 0, 1),
(97, '00097', 'Crispy Fries', 2, 0, 1),
(98, '00101', 'Spanish Bread', 2, 0, 1),
(99, '12345', 'Macaroni', 2, 0, 1);

-- --------------------------------------------------------

--
-- Table structure for table `pos_product_discount`
--

DROP TABLE IF EXISTS `pos_product_discount`;
CREATE TABLE IF NOT EXISTS `pos_product_discount` (
  `id` int(11) NOT NULL AUTO_INCREMENT,
  `discount_type` varchar(50) NOT NULL,
  PRIMARY KEY (`id`),
  UNIQUE KEY `discount_type` (`discount_type`)
) ENGINE=InnoDB AUTO_INCREMENT=4 DEFAULT CHARSET=latin1;

--
-- Dumping data for table `pos_product_discount`
--

INSERT INTO `pos_product_discount` (`id`, `discount_type`) VALUES
(1, 'Percentage'),
(3, 'Total Price'),
(2, 'Unit Price');

-- --------------------------------------------------------

--
-- Table structure for table `pos_product_status`
--

DROP TABLE IF EXISTS `pos_product_status`;
CREATE TABLE IF NOT EXISTS `pos_product_status` (
  `id` int(11) NOT NULL AUTO_INCREMENT,
  `status` varchar(50) NOT NULL,
  PRIMARY KEY (`id`),
  UNIQUE KEY `status` (`status`)
) ENGINE=InnoDB AUTO_INCREMENT=3 DEFAULT CHARSET=latin1;

--
-- Dumping data for table `pos_product_status`
--

INSERT INTO `pos_product_status` (`id`, `status`) VALUES
(1, 'ACTIVE'),
(2, 'INACTIVE');

-- --------------------------------------------------------

--
-- Table structure for table `pos_sale`
--

DROP TABLE IF EXISTS `pos_sale`;
CREATE TABLE IF NOT EXISTS `pos_sale` (
  `id` int(11) NOT NULL AUTO_INCREMENT,
  `dt` datetime NOT NULL,
  `tran_id` int(11) NOT NULL,
  `product_id` int(11) NOT NULL,
  `qty` decimal(10,2) NOT NULL DEFAULT '1.00',
  `buyer_id` int(11) NOT NULL DEFAULT '0',
  `current_price` decimal(20,2) NOT NULL DEFAULT '0.00',
  `discount_type` int(11) NOT NULL DEFAULT '0',
  `discount_qty` decimal(20,2) NOT NULL DEFAULT '0.00',
  `discount_total` decimal(20,2) NOT NULL DEFAULT '0.00',
  `total` decimal(20,2) NOT NULL DEFAULT '0.00',
  `status_id` int(11) NOT NULL DEFAULT '1',
  PRIMARY KEY (`id`)
) ENGINE=InnoDB AUTO_INCREMENT=32 DEFAULT CHARSET=latin1;

--
-- Dumping data for table `pos_sale`
--

INSERT INTO `pos_sale` (`id`, `dt`, `tran_id`, `product_id`, `qty`, `buyer_id`, `current_price`, `discount_type`, `discount_qty`, `discount_total`, `total`, `status_id`) VALUES
(1, '2022-03-06 11:23:20', 1, 1, '1.00', 2, '100.00', 0, '0.00', '0.00', '100.00', 1),
(2, '2022-03-06 11:23:20', 1, 1, '1.00', 2, '100.00', 0, '0.00', '0.00', '100.00', 1),
(3, '2022-03-06 11:23:20', 1, 1, '1.00', 2, '100.00', 0, '0.00', '0.00', '100.00', 1),
(4, '2022-04-03 09:33:21', 2, 98, '5.00', 1, '2.00', 0, '0.00', '0.00', '10.00', 1),
(5, '2022-04-13 15:44:09', 3, 1, '1.00', 2, '1.00', 0, '0.00', '0.00', '1.00', 1),
(6, '2022-04-13 15:44:09', 3, 2, '67.00', 2, '1.00', 0, '0.00', '0.00', '67.00', 1),
(7, '2022-04-13 15:44:09', 3, 78, '10.00', 2, '5.50', 0, '0.00', '0.00', '55.00', 1),
(8, '2022-04-13 15:47:27', 4, 66, '1.00', 2, '2.00', 0, '0.00', '0.00', '2.00', 1),
(9, '2022-04-13 15:47:27', 4, 55, '1.00', 2, '1.50', 0, '0.00', '0.00', '1.50', 1),
(10, '2022-04-13 15:47:27', 4, 11, '100.00', 2, '1.00', 0, '0.00', '0.00', '100.00', 1),
(11, '2022-04-13 15:50:26', 5, 33, '125.00', 2, '0.10', 0, '0.00', '0.00', '12.50', 1),
(12, '2022-04-13 15:50:26', 5, 1, '10.00', 2, '1.00', 0, '0.00', '0.00', '10.00', 1),
(14, '2022-04-13 15:51:09', 6, 1, '1.00', 2, '1.00', 0, '0.00', '0.00', '1.00', 1),
(15, '2022-04-13 15:51:09', 6, 1, '1.00', 2, '1.00', 0, '0.00', '0.00', '1.00', 1),
(16, '2022-04-13 15:51:09', 6, 1, '1.00', 2, '1.00', 0, '0.00', '0.00', '1.00', 1),
(17, '2022-04-13 15:51:09', 6, 1, '1.00', 2, '1.00', 0, '0.00', '0.00', '1.00', 1),
(18, '2022-04-13 15:51:09', 6, 1, '1.00', 2, '1.00', 0, '0.00', '0.00', '1.00', 1),
(19, '2022-04-13 15:51:09', 6, 1, '1.00', 2, '1.00', 0, '0.00', '0.00', '1.00', 1),
(20, '2022-04-13 15:51:09', 6, 1, '1.00', 2, '1.00', 0, '0.00', '0.00', '1.00', 1),
(21, '2022-04-13 15:51:09', 6, 1, '1.00', 2, '1.00', 0, '0.00', '0.00', '1.00', 1),
(29, '2022-04-13 15:53:00', 7, 1, '1.00', 2, '1.00', 0, '0.00', '0.00', '1.00', 1),
(30, '2022-04-13 15:53:00', 7, 1, '1.00', 2, '1.00', 0, '0.00', '0.00', '1.00', 1),
(31, '2022-04-13 15:53:00', 7, 1, '1.00', 2, '1.00', 0, '0.00', '0.00', '1.00', 1);

-- --------------------------------------------------------

--
-- Table structure for table `pos_sale_lock`
--

DROP TABLE IF EXISTS `pos_sale_lock`;
CREATE TABLE IF NOT EXISTS `pos_sale_lock` (
  `id` int(11) NOT NULL AUTO_INCREMENT,
  `dt` datetime NOT NULL,
  `user_id` int(11) NOT NULL,
  `action_id` int(11) NOT NULL COMMENT '1 - lock; 2 - unlock',
  PRIMARY KEY (`id`)
) ENGINE=InnoDB DEFAULT CHARSET=latin1;

-- --------------------------------------------------------

--
-- Table structure for table `pos_sale_lock_action`
--

DROP TABLE IF EXISTS `pos_sale_lock_action`;
CREATE TABLE IF NOT EXISTS `pos_sale_lock_action` (
  `id` int(11) NOT NULL AUTO_INCREMENT,
  `action` varchar(50) NOT NULL,
  PRIMARY KEY (`id`)
) ENGINE=InnoDB AUTO_INCREMENT=3 DEFAULT CHARSET=latin1;

--
-- Dumping data for table `pos_sale_lock_action`
--

INSERT INTO `pos_sale_lock_action` (`id`, `action`) VALUES
(1, 'LOCK'),
(2, 'UNLOCK');

-- --------------------------------------------------------

--
-- Table structure for table `pos_sale_status`
--

DROP TABLE IF EXISTS `pos_sale_status`;
CREATE TABLE IF NOT EXISTS `pos_sale_status` (
  `id` int(11) NOT NULL AUTO_INCREMENT,
  `status` varchar(50) NOT NULL,
  PRIMARY KEY (`id`)
) ENGINE=InnoDB AUTO_INCREMENT=3 DEFAULT CHARSET=latin1;

--
-- Dumping data for table `pos_sale_status`
--

INSERT INTO `pos_sale_status` (`id`, `status`) VALUES
(1, 'COMPLETED'),
(2, 'CANCELLED');

-- --------------------------------------------------------

--
-- Table structure for table `pos_sale_temp`
--

DROP TABLE IF EXISTS `pos_sale_temp`;
CREATE TABLE IF NOT EXISTS `pos_sale_temp` (
  `id` int(11) NOT NULL AUTO_INCREMENT,
  `product_id` int(11) NOT NULL,
  `qty` decimal(10,2) NOT NULL DEFAULT '1.00',
  `buyer_id` int(11) NOT NULL DEFAULT '0',
  `current_price` decimal(20,2) NOT NULL DEFAULT '0.00',
  `discount_type` int(11) NOT NULL DEFAULT '0',
  `discount_qty` decimal(20,2) NOT NULL DEFAULT '0.00',
  `discount_total` decimal(20,2) NOT NULL DEFAULT '0.00',
  `total` decimal(20,2) NOT NULL DEFAULT '0.00',
  PRIMARY KEY (`id`)
) ENGINE=InnoDB DEFAULT CHARSET=latin1;

-- --------------------------------------------------------

--
-- Table structure for table `pos_stock`
--

DROP TABLE IF EXISTS `pos_stock`;
CREATE TABLE IF NOT EXISTS `pos_stock` (
  `id` int(11) NOT NULL AUTO_INCREMENT,
  `dt` date NOT NULL,
  `product_id` int(11) NOT NULL,
  `qty` decimal(10,2) NOT NULL DEFAULT '1.00',
  `supplier_id` int(11) NOT NULL,
  `received_by` int(11) NOT NULL,
  `dt_encoded` timestamp NOT NULL DEFAULT CURRENT_TIMESTAMP,
  `dt_cancelled` timestamp NULL DEFAULT NULL,
  `cancelled_by` int(11) DEFAULT NULL,
  `cancelled_reason` text,
  `status_id` int(11) NOT NULL DEFAULT '1',
  PRIMARY KEY (`id`)
) ENGINE=InnoDB AUTO_INCREMENT=2 DEFAULT CHARSET=latin1;

--
-- Dumping data for table `pos_stock`
--

INSERT INTO `pos_stock` (`id`, `dt`, `product_id`, `qty`, `supplier_id`, `received_by`, `dt_encoded`, `dt_cancelled`, `cancelled_by`, `cancelled_reason`, `status_id`) VALUES
(1, '2022-04-03', 98, '230.00', 1, 1, '2022-04-02 23:03:12', NULL, NULL, NULL, 1);

-- --------------------------------------------------------

--
-- Table structure for table `pos_stock_status`
--

DROP TABLE IF EXISTS `pos_stock_status`;
CREATE TABLE IF NOT EXISTS `pos_stock_status` (
  `id` int(11) NOT NULL AUTO_INCREMENT,
  `status` varchar(50) NOT NULL,
  PRIMARY KEY (`id`)
) ENGINE=InnoDB AUTO_INCREMENT=3 DEFAULT CHARSET=latin1;

--
-- Dumping data for table `pos_stock_status`
--

INSERT INTO `pos_stock_status` (`id`, `status`) VALUES
(1, 'ACTIVE'),
(2, 'INACTIVE');

-- --------------------------------------------------------

--
-- Table structure for table `pos_supplier`
--

DROP TABLE IF EXISTS `pos_supplier`;
CREATE TABLE IF NOT EXISTS `pos_supplier` (
  `id` int(11) NOT NULL AUTO_INCREMENT,
  `supplier` varchar(100) NOT NULL,
  `description` varchar(200) DEFAULT NULL,
  PRIMARY KEY (`id`),
  UNIQUE KEY `supplier` (`supplier`)
) ENGINE=InnoDB AUTO_INCREMENT=2 DEFAULT CHARSET=latin1;

--
-- Dumping data for table `pos_supplier`
--

INSERT INTO `pos_supplier` (`id`, `supplier`, `description`) VALUES
(1, 'FPG Cold  Storage', 'Cold Storage');

-- --------------------------------------------------------

--
-- Table structure for table `pos_trail`
--

DROP TABLE IF EXISTS `pos_trail`;
CREATE TABLE IF NOT EXISTS `pos_trail` (
  `id` int(11) NOT NULL AUTO_INCREMENT,
  `dt` datetime NOT NULL,
  `module_id` int(11) NOT NULL DEFAULT '0',
  `action_id` int(11) NOT NULL DEFAULT '0',
  `particular` text NOT NULL,
  `remarks` text NOT NULL,
  `user_id` int(11) NOT NULL DEFAULT '0',
  PRIMARY KEY (`id`)
) ENGINE=InnoDB AUTO_INCREMENT=51 DEFAULT CHARSET=latin1;

--
-- Dumping data for table `pos_trail`
--

INSERT INTO `pos_trail` (`id`, `dt`, `module_id`, `action_id`, `particular`, `remarks`, `user_id`) VALUES
(1, '2022-03-06 11:22:11', 2, 10, '111 - TEST PRODUCT', '', 1),
(2, '2022-03-06 11:23:20', 1, 1, '2200000001', '', 1),
(3, '2022-03-06 11:23:20', 6, 1, '111 - TEST PRODUCT', '', 1),
(4, '2022-03-06 11:23:20', 6, 1, '111 - TEST PRODUCT', '', 1),
(5, '2022-03-06 11:23:20', 6, 1, '111 - TEST PRODUCT', '', 1),
(6, '2022-04-02 21:46:22', 2, 10, '00101 - Spanish Break', '', 1),
(7, '2022-04-02 21:46:26', 2, 8, 'spanish', '', 1),
(8, '2022-04-02 21:46:32', 2, 12, '00101 - Spanish Bread', '', 1),
(9, '2022-04-03 08:34:23', 4, 10, 'FPG Cold  Storage', '', 1),
(10, '2022-04-03 08:55:57', 3, 8, '', '', 1),
(11, '2022-04-03 09:00:34', 3, 8, '', '', 1),
(12, '2022-04-03 09:00:45', 3, 8, '', '', 1),
(13, '2022-04-03 09:03:12', 3, 10, '00101 - Spanish Bread', 'QTY: 230.00', 1),
(14, '2022-04-03 09:33:21', 1, 1, '2200000002', '', 1),
(15, '2022-04-03 09:33:21', 6, 1, '00101 - Spanish Bread', '', 1),
(16, '2022-04-03 00:00:00', 3, 8, '', '', 2),
(17, '2022-04-08 17:38:36', 2, 10, '12345 - Macaroni', '', 2),
(18, '2022-04-08 17:38:43', 2, 8, 'macaroni', '', 2),
(19, '2022-04-08 17:46:17', 2, 8, '', '', 2),
(20, '2022-04-03 00:00:00', 3, 8, '', '', 2),
(21, '2022-04-08 17:57:21', 2, 8, 'macaroni', '', 2),
(22, '2022-04-08 17:57:28', 2, 12, '12345 - Macaroni', '', 2),
(23, '2022-04-08 17:57:35', 2, 12, '12345 - Macaroni', '', 2),
(24, '2022-04-08 18:34:12', 2, 12, '00016 - ABC Cup Noodles 24x60g', '', 2),
(25, '2022-04-08 18:34:18', 2, 8, '', '', 2),
(26, '2022-04-08 18:34:26', 2, 12, '00016 - ABC Cup Noodles 24x60g', '', 2),
(27, '2022-04-13 15:44:09', 1, 1, '2200000003', '', 2),
(28, '2022-04-13 15:44:09', 6, 1, '00001 - Chicken Twisties', '', 2),
(29, '2022-04-13 15:44:09', 6, 1, '00002 - Cheese Twisties', '', 2),
(30, '2022-04-13 15:44:09', 6, 1, '00078 - B-Mobile Top Cards - K5s', '', 2),
(31, '2022-04-13 15:47:27', 1, 1, '2200000004', '', 2),
(32, '2022-04-13 15:47:27', 6, 1, '00066 - Fanta - Orange 330mls', '', 2),
(33, '2022-04-13 15:47:27', 6, 1, '00055 - B-29 Laundry Detergent', '', 2),
(34, '2022-04-13 15:47:27', 6, 1, '00011 - Snax Biscuit - Chicken 40x80g', '', 2),
(35, '2022-04-13 15:50:26', 1, 1, '2200000005', '', 2),
(36, '2022-04-13 15:50:26', 6, 1, '00033 - COFFEE CANDY - Loose', '', 2),
(37, '2022-04-13 15:50:26', 6, 1, '00001 - Chicken Twisties', '', 2),
(38, '2022-04-13 15:51:09', 1, 1, '2200000006', '', 2),
(39, '2022-04-13 15:51:09', 6, 1, '00001 - Chicken Twisties', '', 2),
(40, '2022-04-13 15:51:09', 6, 1, '00001 - Chicken Twisties', '', 2),
(41, '2022-04-13 15:51:09', 6, 1, '00001 - Chicken Twisties', '', 2),
(42, '2022-04-13 15:51:09', 6, 1, '00001 - Chicken Twisties', '', 2),
(43, '2022-04-13 15:51:09', 6, 1, '00001 - Chicken Twisties', '', 2),
(44, '2022-04-13 15:51:09', 6, 1, '00001 - Chicken Twisties', '', 2),
(45, '2022-04-13 15:51:09', 6, 1, '00001 - Chicken Twisties', '', 2),
(46, '2022-04-13 15:51:09', 6, 1, '00001 - Chicken Twisties', '', 2),
(47, '2022-04-13 15:53:00', 1, 1, '2200000007', '', 2),
(48, '2022-04-13 15:53:00', 6, 1, '00001 - Chicken Twisties', '', 2),
(49, '2022-04-13 15:53:00', 6, 1, '00001 - Chicken Twisties', '', 2),
(50, '2022-04-13 15:53:00', 6, 1, '00001 - Chicken Twisties', '', 2);

-- --------------------------------------------------------

--
-- Table structure for table `pos_trail_login`
--

DROP TABLE IF EXISTS `pos_trail_login`;
CREATE TABLE IF NOT EXISTS `pos_trail_login` (
  `id` int(11) NOT NULL AUTO_INCREMENT,
  `dt` datetime NOT NULL,
  `user_id` int(11) NOT NULL,
  `local_ip` varchar(64) DEFAULT NULL,
  `public_ip` varchar(64) DEFAULT NULL,
  `computer_name` varchar(50) DEFAULT NULL,
  PRIMARY KEY (`id`)
) ENGINE=InnoDB AUTO_INCREMENT=7 DEFAULT CHARSET=latin1;

-- --------------------------------------------------------

--
-- Table structure for table `pos_trail_price`
--

DROP TABLE IF EXISTS `pos_trail_price`;
CREATE TABLE IF NOT EXISTS `pos_trail_price` (
  `id` bigint(20) NOT NULL AUTO_INCREMENT,
  `product_id` int(11) NOT NULL,
  `price` decimal(20,2) NOT NULL DEFAULT '0.00',
  `dt_created` timestamp NOT NULL DEFAULT CURRENT_TIMESTAMP,
  `created_by` int(11) NOT NULL,
  `remarks` text,
  PRIMARY KEY (`id`)
) ENGINE=InnoDB AUTO_INCREMENT=3 DEFAULT CHARSET=latin1;

-- --------------------------------------------------------

--
-- Table structure for table `pos_trail_stock`
--

DROP TABLE IF EXISTS `pos_trail_stock`;
CREATE TABLE IF NOT EXISTS `pos_trail_stock` (
  `id` int(11) NOT NULL AUTO_INCREMENT,
  `dt` varchar(30) NOT NULL,
  `stock_id` int(11) NOT NULL,
  `status_id` int(11) NOT NULL DEFAULT '1',
  PRIMARY KEY (`id`)
) ENGINE=InnoDB DEFAULT CHARSET=latin1;

-- --------------------------------------------------------

--
-- Table structure for table `pos_trail_transaction`
--

DROP TABLE IF EXISTS `pos_trail_transaction`;
CREATE TABLE IF NOT EXISTS `pos_trail_transaction` (
  `id` int(11) NOT NULL AUTO_INCREMENT,
  `dt` datetime NOT NULL,
  `tran_id` int(11) NOT NULL,
  `status_id` int(11) NOT NULL,
  PRIMARY KEY (`id`)
) ENGINE=InnoDB DEFAULT CHARSET=latin1;

-- --------------------------------------------------------

--
-- Table structure for table `pos_transaction`
--

DROP TABLE IF EXISTS `pos_transaction`;
CREATE TABLE IF NOT EXISTS `pos_transaction` (
  `id` int(11) NOT NULL AUTO_INCREMENT,
  `dt` datetime NOT NULL,
  `subtotal` decimal(20,2) NOT NULL DEFAULT '0.00',
  `discount_type` int(11) NOT NULL DEFAULT '0',
  `discount_qty` decimal(20,2) NOT NULL DEFAULT '0.00',
  `discount_total` decimal(20,2) NOT NULL DEFAULT '0.00',
  `total` decimal(20,2) NOT NULL DEFAULT '0.00',
  `tran_cash` decimal(20,2) NOT NULL DEFAULT '0.00',
  `tran_change` decimal(20,2) NOT NULL DEFAULT '0.00',
  `payment_type_id` int(11) NOT NULL DEFAULT '1',
  `reference` text,
  `user_id` int(11) NOT NULL,
  `remarks` text,
  `dt_cancelled` datetime DEFAULT NULL,
  `cancelled_by` int(11) NOT NULL DEFAULT '0',
  `cancelled_reason` text,
  `status_id` int(11) NOT NULL DEFAULT '1',
  PRIMARY KEY (`id`)
) ENGINE=InnoDB AUTO_INCREMENT=8 DEFAULT CHARSET=latin1;

--
-- Dumping data for table `pos_transaction`
--

INSERT INTO `pos_transaction` (`id`, `dt`, `subtotal`, `discount_type`, `discount_qty`, `discount_total`, `total`, `tran_cash`, `tran_change`, `payment_type_id`, `reference`, `user_id`, `remarks`, `dt_cancelled`, `cancelled_by`, `cancelled_reason`, `status_id`) VALUES
(1, '2022-03-06 11:23:20', '300.00', 0, '0.00', '0.00', '300.00', '500.00', '200.00', 1, NULL, 1, '', NULL, 0, NULL, 1),
(2, '2022-04-03 09:33:21', '10.00', 0, '0.00', '0.00', '10.00', '100.00', '90.00', 1, NULL, 1, '', NULL, 0, NULL, 1),
(3, '2022-04-13 15:44:09', '123.00', 0, '0.00', '0.00', '123.00', '200.00', '77.00', 1, '', 2, '', NULL, 0, NULL, 1),
(4, '2022-04-13 15:47:27', '103.50', 0, '0.00', '0.00', '103.50', '500.00', '396.50', 1, '', 2, '', NULL, 0, NULL, 1),
(5, '2022-04-13 15:50:26', '22.50', 0, '0.00', '0.00', '22.50', '30.00', '7.50', 1, '', 2, '', NULL, 0, NULL, 1),
(6, '2022-04-13 15:51:09', '8.00', 0, '0.00', '0.00', '8.00', '8.00', '0.00', 2, 'WP-0032346532', 2, '', NULL, 0, NULL, 1),
(7, '2022-04-13 15:53:00', '3.00', 0, '0.00', '0.00', '3.00', '50.00', '47.00', 1, '', 2, '', NULL, 0, NULL, 1);

-- --------------------------------------------------------

--
-- Table structure for table `pos_transaction_discount`
--

DROP TABLE IF EXISTS `pos_transaction_discount`;
CREATE TABLE IF NOT EXISTS `pos_transaction_discount` (
  `id` int(11) NOT NULL AUTO_INCREMENT,
  `discount_type` varchar(50) NOT NULL,
  PRIMARY KEY (`id`),
  UNIQUE KEY `discount_type` (`discount_type`)
) ENGINE=InnoDB AUTO_INCREMENT=3 DEFAULT CHARSET=latin1;

--
-- Dumping data for table `pos_transaction_discount`
--

INSERT INTO `pos_transaction_discount` (`id`, `discount_type`) VALUES
(2, 'Amount'),
(1, 'Percentage');

-- --------------------------------------------------------

--
-- Table structure for table `pos_transaction_status`
--

DROP TABLE IF EXISTS `pos_transaction_status`;
CREATE TABLE IF NOT EXISTS `pos_transaction_status` (
  `id` int(11) NOT NULL AUTO_INCREMENT,
  `status` varchar(50) NOT NULL,
  PRIMARY KEY (`id`)
) ENGINE=InnoDB AUTO_INCREMENT=3 DEFAULT CHARSET=latin1;

--
-- Dumping data for table `pos_transaction_status`
--

INSERT INTO `pos_transaction_status` (`id`, `status`) VALUES
(1, 'COMPLETED'),
(2, 'CANCELLED');

-- --------------------------------------------------------

--
-- Table structure for table `pos_uom`
--

DROP TABLE IF EXISTS `pos_uom`;
CREATE TABLE IF NOT EXISTS `pos_uom` (
  `id` int(11) NOT NULL AUTO_INCREMENT,
  `uom` varchar(10) NOT NULL,
  `description` varchar(50) NOT NULL,
  PRIMARY KEY (`id`),
  UNIQUE KEY `uom` (`uom`),
  UNIQUE KEY `description` (`description`)
) ENGINE=InnoDB AUTO_INCREMENT=4 DEFAULT CHARSET=latin1;

--
-- Dumping data for table `pos_uom`
--

INSERT INTO `pos_uom` (`id`, `uom`, `description`) VALUES
(1, 'KG', 'kilo'),
(2, 'PC', 'Piece/s'),
(3, 'TIN', 'Tins');

-- --------------------------------------------------------

--
-- Table structure for table `pos_user`
--

DROP TABLE IF EXISTS `pos_user`;
CREATE TABLE IF NOT EXISTS `pos_user` (
  `id` int(11) NOT NULL AUTO_INCREMENT,
  `username` varchar(25) NOT NULL,
  `password` varchar(255) NOT NULL,
  `fname` varchar(50) NOT NULL,
  `lname` varchar(50) NOT NULL,
  `mname` varchar(50) NOT NULL DEFAULT '',
  `dept_id` int(11) NOT NULL,
  `email` varchar(50) DEFAULT NULL,
  `access_id` int(11) NOT NULL,
  `status_id` int(11) NOT NULL,
  `added_by` int(11) NOT NULL,
  `date_added` date NOT NULL,
  PRIMARY KEY (`id`),
  UNIQUE KEY `username` (`username`)
) ENGINE=InnoDB AUTO_INCREMENT=7 DEFAULT CHARSET=latin1;

--
-- Dumping data for table `pos_user`
--

INSERT INTO `pos_user` (`id`, `username`, `password`, `fname`, `lname`, `mname`, `dept_id`, `email`, `access_id`, `status_id`, `added_by`, `date_added`) VALUES
(1, 'jaypee.hindang', '$2y$12$fxFfMSKyotrXlft3a.12kOF1LLRiuKRxKV0QCbSKm3.DwPtDcIJCu', 'jaypee', 'hindang', '', 1, 'eujay_29@yahoo.com.ph', 1, 1, 1, '2015-06-10'),
(2, 'admin', '$2y$12$hAqAkUzogX01pCf510wuh.b1Q4/mDfYXcQtaWgqwM59h6WR/2Zcs.', 'ADMIN', 'ADMIN', '', 3, '', 1, 1, 1, '2017-04-19'),
(3, 'audit', '$2y$12$1ZMYdbKxpAtE0R3T2xCFW.dqyx8JGfXIMHwOEfo3szAz7xyW6uktW', 'Audit', 'Department', '', 8, NULL, 4, 1, 1, '2016-06-26'),
(4, 'accounting', '$2y$12$1ZMYdbKxpAtE0R3T2xCFW.dqyx8JGfXIMHwOEfo3szAz7xyW6uktW', 'Accounting', 'Department', '', 4, '', 3, 1, 1, '2016-06-26'),
(5, 'user', '$2y$12$e5jDU9UMzXn9qMXPx.AMP.WCSBCRAZuH7ib/tl3sbhjFxrO./05Ae', 'user', 'user', '', 3, '', 2, 1, 1, '2016-11-07'),
(6, 'report', '$2y$12$Xf/55bcw7xHltQou5G6wo.5/IDcO4r4xNPMgt28JPOtx0BOmi1hqq', 'REPORT', 'ONLY', '', 4, '', 5, 1, 1, '2021-03-11');

-- --------------------------------------------------------

--
-- Table structure for table `pos_user_status`
--

DROP TABLE IF EXISTS `pos_user_status`;
CREATE TABLE IF NOT EXISTS `pos_user_status` (
  `id` int(11) NOT NULL AUTO_INCREMENT,
  `status` varchar(50) NOT NULL,
  PRIMARY KEY (`id`)
) ENGINE=InnoDB AUTO_INCREMENT=3 DEFAULT CHARSET=latin1;

--
-- Dumping data for table `pos_user_status`
--

INSERT INTO `pos_user_status` (`id`, `status`) VALUES
(1, 'ACTIVE'),
(2, 'INACTIVE');

-- --------------------------------------------------------

--
-- Table structure for table `tbl_qoutes`
--

DROP TABLE IF EXISTS `tbl_qoutes`;
CREATE TABLE IF NOT EXISTS `tbl_qoutes` (
  `id` int(11) NOT NULL AUTO_INCREMENT,
  `qoutes` text NOT NULL,
  `author` varchar(100) NOT NULL DEFAULT '',
  `dt_added` varchar(30) NOT NULL,
  `added_by` int(11) NOT NULL DEFAULT '0',
  `status_id` int(11) NOT NULL DEFAULT '1',
  PRIMARY KEY (`id`)
) ENGINE=InnoDB AUTO_INCREMENT=41 DEFAULT CHARSET=latin1;

--
-- Dumping data for table `tbl_qoutes`
--

INSERT INTO `tbl_qoutes` (`id`, `qoutes`, `author`, `dt_added`, `added_by`, `status_id`) VALUES
(1, 'Ability is what you\'re capable of doing. \r\nMotivation determines what you do. \r\nAttitude determines how well you do it.', 'Lou Holtz', '2016-08-17 09:45:00 PM', 1, 1),
(2, 'A great attitude becomes a great day, which becomes a great month, which becomes a great year, which becomes a great life.', 'Mandy Hale', '2016-08-17 09:45:00 PM', 1, 1),
(3, 'All our dreams can come true - if we have the courage to pursue them.', 'Walt Disney', '2016-08-17 09:45:00 PM', 1, 1),
(4, 'All things are difficult before they are easy.', 'Thomas Fuller', '2016-08-17 09:45:00 PM', 1, 1),
(5, 'Always be a first-rate version of yourself, instead of a second-rate version of somebody else.', 'Judy Garland', '2016-08-17 09:45:00 PM', 1, 1),
(6, 'Always dream and shoot higher than you know you can do. Don\'t bother just to be better than your contemporaries or predecessors. Try to be better than yourself.', 'William Faulkner', '2016-08-17 09:45:00 PM', 1, 1),
(7, 'Always remember: \r\nYou\'re braver than you believe, \r\nstronger than you seem, \r\nand smarter than you think.', 'A.A. Milne - Christopher Robin to Pooh', '2016-08-17 09:45:00 PM', 1, 1),
(8, 'A man is but of product of his thought. \r\nWhat he thinks he becomes.', 'Mahatma Gandhi', '2016-08-17 09:45:00 PM', 1, 1),
(9, 'And will you succeed? Yes indeed, yes indeed! Ninety-eight and three-quarters percent guaranteed!', 'Dr. Seuss', '2016-08-17 09:45:00 PM', 1, 1),
(10, 'Anyone who has never made a mistake has never tried anything new', 'Albert Einstein', '2016-08-17 09:45:00 PM', 1, 1),
(11, 'A person will only leave their comfort zone once they decide that magic and adventure outweigh complete certainty and security.', 'Doe Zantamata', '2016-08-17 09:45:00 PM', 1, 1),
(12, 'A problem is a chance for you to do your best.', 'Duke Ellington', '2016-08-17 09:45:00 PM', 1, 1),
(13, 'A ship in harbor is safe - but that is not what ships are built for.', 'John A. Shedd', '2016-08-17 09:45:00 PM', 1, 1),
(14, 'Beautiful pictures are developed from negatives in a dark room. So if you see darkness in your life be reassured that a beautiful picture is being prepared.', 'Author Unknown', '2016-08-17 10:00:00 PM', 1, 1),
(15, 'Confidence is contagious. So is lack of confidence.', 'Vince Lombardi', '2016-08-17 10:00:00 PM', 1, 1),
(16, 'Courage is very important. Like a muscle, it is strengthened by use.', 'Ruth Gordon', '2016-08-17 10:00:00 PM', 1, 1),
(17, 'Don\'t be afraid to give your best to what seemingly are small jobs. Every time you conquer one it makes you that much stronger. If you do the little jobs well, the big ones will tend to take care of themselves.', 'Dale Carnegie', '2016-08-17 10:00:00 PM', 0, 1),
(18, 'Don\'t cry because it\'s over. Smile because it happened.', 'Dr. Seuss', '2016-08-17 10:00:00 PM', 0, 1),
(19, 'Don\'t give up. I believe in you all. \r\nA person\'s a person no matter how small.', 'Dr. Seuss', '2016-08-17 10:00:00 PM', 1, 1),
(20, 'They say you only fall in love once, but that can\'t be true. Every time I look at you, I fall in love all over again.', 'Anonymous', '2016-08-17 10:00:00 PM', 1, 1),
(21, 'Every love story is beautiful but ours is my favorite.', 'Anonymous', '2016-08-17 10:00:00 PM', 1, 1),
(22, 'When I saw you, I was afraid to meet you. When I met you, I was afraid to kiss you. When I kissed you, I was afraid to love you. Now that I love you, I\'m afraid to lose you.', 'Rene Yasenek', '2016-08-17 10:00:00 PM', 1, 1),
(23, 'The best way to not get your heart broken, is pretending you don\'t have one.', 'Charlie Sheen', '2016-08-17 10:00:00 PM', 1, 1),
(24, 'A true friend knows your weaknesses but shows you your strengths; feels your fears but fortifies your faith; sees your anxieties but frees your spirit; recognizes your disabilities but emphasizes your possibilities.', 'William Arthur Ward', '2016-08-17 10:00:00 PM', 1, 1),
(25, 'If I could give you one thing in life, I would give you the ability to see yourself through my eyes, only then will you realize how special you are to me.', 'Anonymous', '2016-08-17 10:00:00 PM', 1, 1),
(26, 'Some people are like clouds. When they go away, it\'s a brighter day.', 'Anonymous', '2016-08-17 10:13:00 PM', 1, 1),
(27, 'Don\'t know where your kids are in the house? Turn off the internet and they\'ll show up quickly.', 'Anonymous', '2016-08-17 10:13:00 PM', 1, 1),
(28, 'I changed my password everywhere to \'incorrect.\' That way when I forget it, it always reminds me, \'Your password is incorrect.\'', 'Anonymous', '2016-08-17 10:13:00 PM', 1, 1),
(29, 'When you wake up at 6 in the morning, you close your eyes for 5 minutes and it\'s already 6:45. When you\'re at work and it\'s 2:30, you close your eyes for 5 minutes and it\'s 2:31.', 'Anonymous', '2016-08-17 10:13:00 PM', 1, 1),
(30, 'A best friend is like a four leaf clover, hard to find, lucky to have.', 'Anonymous', '2016-08-17 10:13:00 PM', 1, 1),
(31, 'I know the voices in my head aren\'t real..... but sometimes their ideas are just absolutely awesome!', 'Anonymous', '2016-08-17 10:13:00 PM', 1, 1),
(32, 'I don\'t need a hair stylist, my pillow gives me a new hairstyle every morning. ', 'Anonymous', '2016-08-17 10:13:00 PM', 1, 1),
(33, 'I don\'t need a hair stylist, my pillow gives me a new hairstyle every morning. ', 'Anonymous', '2016-08-17 10:13:00 PM', 1, 1),
(34, 'I miss the days when you could just push someone in the swimming pool without worrying about their cell phone.', 'Anonymous', '2016-08-17 10:13:00 PM', 1, 1),
(35, 'I\'m not running away from hard work, I\'m too lazy to run.', 'Anonymous', '2016-08-17 10:13:00 PM', 0, 1),
(36, 'Dear humans, in case you forgot, I used to be your Internet. Sincerely, The Library.  ', 'Anonymous', '2016-08-17 10:13:00 PM', 1, 1),
(37, 'For you, I would swim across the ocean. LOL, just kidding, there are sharks in there.', 'Anonymous', '2016-08-17 10:13:00 PM', 1, 1),
(38, 'Never wrestle with a pig. You\'ll both get dirty, and the pig likes it.', 'Anonymous', '2016-08-17 10:13:00 PM', 1, 1),
(39, 'Your eyes water when you yawn because you miss your bed and it makes you sad. ', 'Anonymous', '2016-08-17 10:13:00 PM', 1, 1),
(40, 'Reporter: \"Excuse me, may I interview you?\" \r\nMan: \"Yes!\" \r\nReporter: \"Name?\" \r\nMan: \"Abdul Al-Rhazim.\" \r\nReporter: \"Sex?\" \r\nMan: \"Three to five times a week.\" \r\nReporter: \"No no! I mean male or female?\" \r\nMan: \"Yes, male, female... sometimes camel.\" \r\nReporter: \"Holy cow!\" \r\nMan: \"Yes, cow, sheep... animals in general.\" \r\nReporter: \"But isn\'t that hostile?\" \r\nMan: \"Yes, horse style, dog style, any style.\" \r\nReporter: \"Oh dear!\" \r\nMan: \"No, no deer. Deer run too fast. Hard to catch.\"', 'anonymous', '2016-10-20 04:01:00 PM', 1, 1);
COMMIT;

/*!40101 SET CHARACTER_SET_CLIENT=@OLD_CHARACTER_SET_CLIENT */;
/*!40101 SET CHARACTER_SET_RESULTS=@OLD_CHARACTER_SET_RESULTS */;
/*!40101 SET COLLATION_CONNECTION=@OLD_COLLATION_CONNECTION */;
